region;Time;Total;Petroleum_Products;LPG;Diesel;Natural_Gas;Electricity;Alternative_Energy;Petrol_excluding_hybrids;Hybrid_electric_petrol;Plug-in_hybrid_petrol_electric;Diesel_excluding_hybrids;Hybrid_diesel_electric;Plug-in_hybrid_diesel_electric;Hydrogen_and_fuel_cells�;Bioethanol;Biodiesel;Bi-fuel;Other
Belgium;2012;5444000;1981000;NA;3401000;NA;NA;61000;NA;NA;NA;NA;NA;NA;NA;NA;NA;NA;NA
Belgium;2013;5493472;2008893;NA;3438968;260;919;18859;1992418;16475;NA;3438030;938;NA;NA;128;NA;NA;17552
Belgium;2014;5555499;2051462;NA;3460094;498;1792;18848;2029688;21774;NA;3458424;1670;NA;NA;127;NA;NA;16431
Belgium;2015;5623579;2120228;19;3460776;630;2871;42575;2091327;28901;NA;3457526;3250;NA;NA;127;NA;NA;38928
Belgium;2016;5712061;2238772;19;3429222;1174;4368;44061;2199038;39734;NA;3424592;4630;NA;NA;124;NA;NA;38500
Belgium;2017;5785447;2393711;23;3344412;2121;8552;47324;2335349;58362;NA;3339034;5378;NA;NA;117;NA;NA;36511
Belgium;2018;5853782;2600049;16;3199563;5905;9244;54170;2518942;81107;NA;3193658;5905;NA;NA;115;NA;NA;38890
Bulgaria;2012;2807000;NA;NA;NA;NA;NA;NA;NA;NA;NA;NA;NA;NA;NA;NA;NA;NA;NA
Bulgaria;2013;2910235;NA;NA;NA;NA;NA;NA;NA;NA;NA;NA;NA;NA;NA;NA;NA;NA;NA
Bulgaria;2014;3013863;NA;NA;NA;NA;NA;NA;NA;NA;NA;NA;NA;NA;NA;NA;NA;NA;NA
Bulgaria;2015;3162037;NA;NA;NA;NA;NA;NA;NA;NA;NA;NA;NA;NA;NA;NA;NA;NA;NA
Bulgaria;2016;3143568;NA;NA;NA;NA;NA;NA;NA;NA;NA;NA;NA;NA;NA;NA;NA;NA;NA
Bulgaria;2017;2770615;NA;NA;NA;NA;NA;NA;NA;NA;NA;NA;NA;NA;NA;NA;NA;NA;NA
Bulgaria;2018;2773325;NA;NA;NA;NA;NA;NA;NA;NA;NA;NA;NA;NA;NA;NA;NA;NA;NA
Czech Rep.;2012;4706000;3216000;NA;1483000;NA;NA;7000;NA;NA;NA;NA;NA;NA;NA;NA;NA;NA;7000
Czech Rep.;2013;4729185;3196233;41;1525690;NA;237;7262;NA;NA;NA;NA;NA;NA;NA;NA;NA;NA;6984
Czech Rep.;2014;4833386;3189890;51;1631014;NA;417;12482;NA;NA;NA;NA;NA;NA;NA;NA;NA;NA;12014
Czech Rep.;2015;5115316;3292863;56;1807953;NA;713;14500;NA;NA;NA;NA;NA;NA;NA;NA;NA;NA;13731
Czech Rep.;2016;5307808;3337837;47;1954086;NA;974;15885;NA;NA;NA;NA;NA;NA;NA;NA;NA;NA;14864
Czech Rep.;2017;5538222;3422845;47;2097056;NA;1525;18321;NA;NA;NA;NA;NA;NA;NA;NA;NA;NA;16749
Czech Rep.;2018;5747913;3514937;49;2214201;NA;2482;18775;NA;NA;NA;NA;NA;NA;NA;NA;NA;NA;16244
Denmark;2012;NA;NA;NA;NA;NA;NA;NA;NA;NA;NA;NA;NA;NA;NA;NA;NA;NA;NA
Denmark;2013;2278121;1623238;7;653290;19;1536;1593;1623238;NA;0;653290;NA;NA;0;NA;NA;NA;31
Denmark;2014;2329578;1639695;10;686869;58;2919;3014;1639695;NA;0;686869;NA;NA;0;NA;NA;NA;27
Denmark;2015;2390823;1667177;9;715628;58;7888;8018;1666621;NA;556;715628;NA;NA;55;NA;NA;NA;8
Denmark;2016;2465538;1702651;4;754054;93;8662;8833;1701550;NA;1101;754054;NA;NA;69;NA;NA;NA;5
Denmark;2017;2530047;1738203;4;782859;127;8765;8985;1736427;NA;1776;782859;NA;NA;84;NA;NA;NA;5
Denmark;2018;2594469;1771711;4;812502;130;10037;10256;1766543;NA;5168;812502;NA;NA;83;NA;NA;NA;2
Germany;2012;43431000;30206000;495000;12579000;76000;7000;646000;NA;NA;NA;NA;NA;NA;NA;NA;NA;NA;68000
Germany;2013;43851000;29956000;501000;13215000;79000;12000;680000;NA;NA;NA;NA;NA;NA;NA;NA;NA;NA;88000
Germany;2014;44403000;29838000;494000;13861000;81000;19000;704000;NA;NA;NA;NA;NA;NA;NA;NA;NA;NA;110000
Germany;2015;45071000;29825000;476000;14532000;80000;26000;714000;NA;NA;NA;NA;NA;NA;NA;NA;NA;NA;132047
Germany;2016;45803560;29978635;448025;15089392;77187;34022;735533;NA;NA;NA;NA;NA;NA;NA;NA;NA;NA;176299
Germany;2017;46474594;30451268;421283;15225296;75459;53861;787313;NA;NA;NA;NA;NA;NA;NA;NA;NA;NA;247427
Germany;2018;47095784;31031021;395592;15153364;80776;83175;817779;NA;NA;NA;NA;NA;NA;NA;NA;NA;NA;351856
Estonia;2012;602100;424300;0;177200;0;600;600;NA;NA;NA;NA;NA;NA;NA;NA;NA;NA;0
Estonia;2013;628565;426366;2;201372;117;708;827;424944;1422;NA;201363;9;NA;NA;NA;NA;NA;0
Estonia;2014;652950;429002;2;222646;233;1067;1302;427114;1888;NA;222632;14;NA;NA;NA;NA;NA;NA
Estonia;2015;676596;434041;2;241054;383;1116;1501;431632;2409;NA;241037;17;NA;NA;NA;NA;NA;NA
Estonia;2016;703151;443083;3;258436;473;1156;1632;439704;3379;NA;258413;23;NA;NA;NA;NA;NA;NA
Estonia;2017;725944;449349;3;274839;562;1191;1756;444701;4648;NA;274797;42;NA;NA;NA;NA;NA;NA
Estonia;2018;746464;452958;3;291597;652;1254;1909;446759;6199;NA;291452;145;NA;NA;NA;NA;NA;NA
Ireland;2012;1951130;1266760;0;667470;10;270;16900;NA;NA;NA;NA;NA;NA;NA;NA;NA;NA;16620
Ireland;2013;1984550;1223430;NA;743290;10;280;17830;NA;NA;NA;NA;NA;NA;NA;NA;NA;NA;17540
Ireland;2014;2018310;1171220;NA;827680;10;560;19410;NA;NA;NA;NA;NA;NA;NA;NA;NA;NA;18840
Ireland;2015;2060170;1120410;NA;917690;0;1120;21800;NA;NA;NA;NA;NA;NA;NA;NA;NA;NA;20680
Ireland;2016;2102720;1052220;NA;1024270;0;1700;26220;NA;NA;NA;NA;NA;NA;NA;NA;NA;NA;24520
Ireland;2017;2142390;980610;NA;1127170;0;2770;34610;NA;NA;NA;NA;NA;NA;NA;NA;NA;NA;31840
Ireland;2018;2182920;922660;NA;1210990;0;4610;44660;NA;NA;NA;NA;NA;NA;NA;NA;NA;NA;44660
Greece;2012;5167557;NA;NA;NA;NA;NA;NA;NA;NA;NA;NA;NA;NA;NA;NA;NA;NA;NA
Greece;2013;5124208;NA;NA;NA;NA;NA;NA;NA;NA;NA;NA;NA;NA;NA;NA;NA;NA;NA
Greece;2014;5110873;NA;NA;NA;NA;NA;NA;NA;NA;NA;NA;NA;NA;NA;NA;NA;NA;NA
Greece;2015;5107620;NA;NA;NA;NA;NA;NA;NA;NA;NA;NA;NA;NA;NA;NA;NA;NA;NA
Greece;2016;5160056;NA;NA;NA;NA;NA;NA;NA;NA;NA;NA;NA;NA;NA;NA;NA;NA;NA
Greece;2017;5235928;NA;NA;NA;NA;NA;NA;NA;NA;NA;NA;NA;NA;NA;NA;NA;NA;NA
Greece;2018;NA;NA;NA;NA;NA;NA;NA;NA;NA;NA;NA;NA;NA;NA;NA;NA;NA;NA
Spain;2012;22248000;10305000;NA;11938000;NA;NA;5000;NA;NA;NA;NA;NA;NA;NA;NA;NA;NA;NA
Spain;2013;22025000;NA;NA;NA;NA;NA;NA;NA;NA;NA;NA;NA;NA;NA;NA;NA;NA;NA
Spain;2014;22029512;9718378;1971;12303075;176;2832;8059;9663658;54362;358;12302003;1053;19;2;NA;60;NA;3018
Spain;2015;22355549;9696611;4792;12645648;398;5243;13290;9635303;60911;397;12644560;1061;27;2;NA;64;NA;2791
Spain;2016;22876830;9819154;12920;13032515;1192;8411;25161;9711929;106752;473;13031262;1216;37;4;NA;59;NA;2575
Spain;2017;23500401;10091031;17764;13371064;2430;15318;38306;9929756;160479;796;13369620;1392;52;8;NA;57;NA;2729
Spain;2018;24074151;10497405;36047;13505356;6480;26083;71390;10262812;232497;2096;13502689;2595;72;20;NA;54;NA;2706
France;2012;32132000;NA;NA;NA;NA;NA;NA;NA;NA;NA;NA;NA;NA;NA;NA;NA;NA;NA
France;2013;32858000;10241000;0;22381000;0;18000;236000;10135000;105000;NA;22357000;25000;NA;0;28000;NA;186000;3000
France;2014;32531000;9750000;NA;22551000;NA;27000;230000;9613000;137000;NA;22516000;34000;NA;NA;28000;NA;172000;3000
France;2015;32326000;9540000;NA;22548000;NA;43000;239000;9363000;177000;NA;22494000;53000;NA;NA;29000;NA;164000;2000
France;2016;32076000;9585000;0;22239000;0;63000;251000;9359000;226000;NA;22180000;59000;NA;0;29000;NA;156000;2000
France;2017;32005986;9962372;197;21774999;389;86570;268615;9658479;303893;NA;21715084;59915;NA;73;30096;NA;149446;1844
France;2018;32034000;10674000;197;21068000;389;115000;292000;10269000;405000;NA;21006000;62000;NA;73;31000;NA;143000;2000
Croatia;2012;1445000;849000;49000;547000;0;0;49000;NA;NA;NA;NA;NA;NA;NA;NA;NA;NA;NA
Croatia;2013;1448000;834000;51000;563000;NA;NA;51000;NA;NA;NA;NA;NA;NA;NA;NA;NA;NA;NA
Croatia;2014;1474000;814000;52000;607000;NA;NA;53000;NA;NA;NA;NA;NA;NA;NA;NA;NA;NA;1000
Croatia;2015;1499802;793531;31;650007;NA;163;56264;793531;NA;NA;650007;NA;NA;NA;NA;2;54742;1326
Croatia;2016;1552904;780226;49;711886;3;233;60792;780226;NA;NA;711886;NA;NA;1;1;2;58670;1833
Croatia;2017;1596087;765062;45;767666;3;285;63359;765062;NA;NA;767666;NA;NA;1;2;2;60535;2486
Croatia;2018;1666413;756203;53;844546;5;461;65664;756203;NA;NA;844546;NA;NA;1;2;2;61627;3513
Italy;2012;37078000;19744000;1862000;14744000;720000;NA;2590000;NA;NA;NA;NA;NA;NA;NA;NA;NA;NA;8000
Italy;2013;36963000;19304000;1944000;14932000;774000;4500;2769000;19264000;41000;NA;14930;2000;NA;NA;NA;NA;NA;6000
Italy;2014;37080753;18955087;2042120;15240069;833668;3430;2885597;18895138;59949;123;15237608;2461;78;NA;NA;NA;NA;6379
Italy;2015;37351233;18650786;2137078;15669276;883190;4584;3031171;18568405;82381;839;15666309;2967;52;NA;NA;NA;NA;6319
Italy;2016;37876138;18477538;2211368;16263957;911246;5743;3134643;18360105;117433;1718;16260625;3332;121;NA;NA;NA;NA;6286
Italy;2017;NA;NA;NA;NA;NA;NA;NA;NA;NA;NA;NA;NA;NA;NA;NA;NA;NA;NA
Italy;2018;39018170;18323181;2409840;17321593;945184;12156;3373396;18083402;239779;NA;17316888;4705;NA;NA;NA;NA;NA;6216
Cyprus;2012;475000;425000;0;49000;0;1000;1000;NA;NA;NA;NA;NA;NA;NA;NA;NA;NA;0
Cyprus;2013;474561;424068;0;50478;0;6;6;422248;1820;0;50478;0;0;0;0;0;0;0
Cyprus;2014;478492;423607;0;54870;0;15;15;421516;2091;0;54870;0;0;0;0;0;0;0
Cyprus;2015;487692;427077;0;60592;0;23;23;424656;2421;0;60592;0;0;0;0;0;0;0
Cyprus;2016;508284;437807;0;70264;0;40;213;434685;3122;0;70264;0;0;0;0;0;0;173
Cyprus;2017;526617;442623;0;83505;0;87;489;438205;4418;0;83505;0;0;0;0;0;0;402
Cyprus;2018;550695;450682;0;99381;0;114;632;444641;6041;0;99381;0;0;0;0;0;0;518
Latvia;2012;618270;373850;0;244410;0;10;10;NA;NA;NA;NA;NA;NA;NA;NA;NA;NA;0
Latvia;2013;634600;361600;5;272980;5;15;20;361597;3;0;272980;0;0;0;0;0;0;0
Latvia;2014;657799;300128;0;305612;51871;188;52059;300124;4;0;305612;0;0;0;0;0;0;0
Latvia;2015;679048;287301;0;337453;54083;211;54294;287289;12;0;337453;0;0;0;0;0;0;0
Latvia;2016;664177;256406;7297;355043;81;241;52728;256379;27;0;355043;0;0;0;0;0;0;45109
Latvia;2017;689536;248982;13128;387996;146;312;52558;248926;56;0;387995;1;0;0;0;0;0;38972
Latvia;2018;707841;238290;17749;418232;177;442;51319;238207;83;0;418226;6;0;0;0;0;0;32951
Lithuania;2012;1753407;NA;NA;NA;NA;NA;NA;NA;NA;NA;NA;NA;NA;NA;NA;NA;NA;NA
Lithuania;2013;1808982;749962;NA;752511;NA;NA;306509;748833;0;1129;NA;NA;NA;NA;NA;NA;NA;NA
Lithuania;2014;1205668;344317;NA;721154;28;70;140197;341390;0;2927;721151;NA;3;NA;NA;NA;NA;140099
Lithuania;2015;1244063;325309;NA;783606;38;169;135148;321394;0;3915;783602;0;4;NA;NA;NA;NA;134941
Lithuania;2016;1298737;321592;NA;847326;50;358;129819;315930;0;5662;847310;NA;16;NA;NA;NA;NA;129411
Lithuania;2017;1356987;327818;NA;907246;71;619;121923;319228;0;8590;907214;NA;32;NA;NA;NA;NA;121233
Lithuania;2018;1430520;345422;NA;968045;98;965;117053;331314;0;14108;968045;NA;0;NA;NA;NA;NA;115990
Luxembourg;2012;355900;120700;100;233000;NA;100;2100;NA;NA;NA;NA;NA;NA;NA;NA;NA;NA;1900
Luxembourg;2013;363247;123676;289;238608;109;263;963;122019;1657;NA;NA;NA;NA;NA;NA;NA;NA;302
Luxembourg;2014;372827;126923;308;244530;135;524;1374;124916;2007;NA;NA;NA;NA;NA;NA;NA;NA;407
Luxembourg;2015;381103;130812;326;248770;144;580;1521;128546;2266;NA;NA;NA;NA;NA;NA;NA;NA;471
Luxembourg;2016;390935;138037;293;251026;141;685;1872;135557;2480;NA;NA;NA;NA;NA;NA;NA;NA;753
Luxembourg;2017;403282;151045;271;249284;171;996;2953;147991;3054;NA;NA;NA;NA;NA;NA;NA;NA;1515
Luxembourg;2018;415145;167455;316;244718;140;1360;2972;162564;4891;NA;NA;NA;NA;NA;NA;NA;NA;1117
Hungary;2012;2986030;2279360;NA;683260;NA;90;19040;NA;NA;NA;NA;NA;NA;NA;NA;NA;NA;18950
Hungary;2013;3040732;2272281;10;740114;440;110;28337;2272281;0;0;740114;0;0;0;0;0;22031;5746
Hungary;2014;3107695;2266199;12;809523;696;175;31973;2266199;0;0;809523;0;0;0;0;0;24259;6831
Hungary;2015;3196856;2272447;17;888874;834;342;35535;2272447;0;0;888874;0;0;0;0;5;25532;8805
Hungary;2016;3313206;2301168;16;970997;925;758;41041;2301168;0;0;970997;0;0;0;0;6;26641;12695
Hungary;2017;3471997;2365797;16;1055268;1054;1996;50932;2365797;0;0;1055268;0;0;0;0;2;27652;20212
Hungary;2018;3641823;2445468;17;1131685;1104;3839;64670;2445468;0;0;1131685;0;0;0;0;1;28394;31315
Malta;2012;249612;175286;1;73946;0;38;380;NA;NA;NA;NA;NA;NA;NA;NA;NA;NA;341
Malta;2013;256096;178459;1;77380;2;59;257;178144;315;NA;77379;1;NA;NA;NA;NA;135;60
Malta;2014;265950;183794;2;81620;0;87;536;183447;347;NA;81616;4;NA;0;0;0;445;0
Malta;2015;275380;189345;2;85178;1;136;866;188922;423;NA;85169;9;NA;0;0;0;704;14
Malta;2016;282921;193753;2;88061;2;140;1107;193179;574;NA;88048;13;NA;0;0;0;963;0
Malta;2017;291664;198408;3;91858;1;189;1398;197567;841;NA;90838;20;NA;0;0;0;1205;0
Malta;2018;300140;203319;5;94870;0;603;NA;201912;1407;NA;94841;29;NA;0;0;0;1343;0
Netherlands;2012;7916000;6278000;202000;1340000;2000;91000;299000;NA;NA;NA;NA;NA;NA;NA;NA;NA;NA;2000
Netherlands;2013;7932290;NA;186366;NA;4000;NA;NA;6289890;NA;NA;1320088;NA;NA;NA;NA;NA;NA;NA
Netherlands;2014;7979083;NA;168234;NA;NA;NA;NA;6331816;NA;NA;1313752;NA;NA;NA;NA;NA;NA;NA
Netherlands;2015;8100864;NA;154842;NA;NA;NA;NA;6401864;NA;NA;1323320;NA;NA;NA;NA;NA;NA;NA
Netherlands;2016;8222974;NA;143542;NA;NA;NA;NA;6509025;NA;NA;1314225;NA;NA;NA;NA;NA;NA;NA
Netherlands;2017;8373244;NA;132989;NA;NA;NA;NA;6649496;NA;NA;1306960;NA;NA;NA;NA;NA;NA;NA
Netherlands;2018;8530584;NA;123669;NA;NA;NA;NA;6804125;NA;NA;1275081;NA;NA;NA;NA;NA;NA;NA
Austria;2012;4584000;2001000;0;2570000;2000;1000;13000;NA;NA;NA;NA;NA;NA;NA;NA;NA;NA;10000
Austria;2013;4641308;2013748;1;2621588;2219;2070;5972;2003699;9664;385;2621133;432;23;NA;NA;NA;1682;NA
Austria;2014;4694921;2023336;1;2663654;2397;3386;7931;2011104;11505;727;2663063;542;49;3;NA;NA;2144;0
Austria;2015;4748048;2033924;1;2703999;2475;5032;10125;2019139;13327;1458;2702922;1028;49;6;NA;NA;2611;0
Austria;2016;4821557;2056715;1;2750383;2457;9073;14459;2038019;16531;2165;2749046;1224;113;13;NA;NA;2915;0
Austria;2017;4898578;2106473;2;2771925;2433;14618;20180;2080434;22290;3749;2770470;1268;187;19;NA;NA;3108;0
Austria;2018;4978852;2173325;2;2778795;2365;20831;26732;2139239;28619;5467;2776332;2220;243;24;NA;NA;3510;0
Poland;2012;18744000;10811000;2757000;4830000;NA;NA;3103000;NA;NA;NA;NA;NA;NA;NA;NA;NA;NA;346000
Poland;2013;19389446;10937607;2846868;5259881;5219;2270;3191958;10935337;2270;0;NA;NA;NA;18;112;0;0;337471
Poland;2014;20003863;11085536;2904072;5675734;5309;4218;3242593;11085536;NA;NA;5675734;NA;NA;32;113;0;0;328551
Poland;2015;20723423;11315095;2977264;6090488;5355;7765;3317840;10988118;326977;NA;6090488;NA;NA;39;112;0;0;327305
Poland;2016;21675388;11694188;3082548;6554145;5400;14610;3427055;11370209;323979;NA;6554145;NA;NA;53;108;0;0;324336
Poland;2017;22503579;12156450;3038596;6874307;5355;26223;3472822;11754413;402037;NA;6874307;NA;NA;91;117;0;0;402440
Poland;2018;23429016;12414546;3281951;7292917;5562;3018;3721553;12372309;42237;NA;7290632;2285;NA;232;137;137;0;430516
Portugal;2012;4259000;2160000;37000;2051000;NA;NA;48000;NA;NA;NA;NA;NA;NA;NA;NA;NA;NA;10
Portugal;2013;4327478;2165168;40443;2121295;11;456;41015;2155229;9939;NA;2120334;961;NA;NA;NA;NA;90;15
Portugal;2014;4699645;2283942;46955;2367935;13;672;47768;2272319;11428;195;2366121;1805;9;0;11;0;114;3
Portugal;2015;4722963;2197778;48062;2475552;15;1398;49633;2184146;13008;624;2471985;3519;48;0;16;0;140;2
Portugal;2016;4850229;2173139;49301;2625271;21;2383;51819;2156073;15507;1559;2619720;5323;228;0;22;0;90;2
Portugal;2017;5059472;2193135;52315;2809198;33;4667;57139;2168924;20036;4175;2800640;8139;419;0;24;0;97;3
Portugal;2018;5282970;2253017;56213;2963408;38;9980;66545;2217506;26794;8717;2952260;10166;982;0;22;0;289;3
Romania;2012;4487000;3005000;NA;1480000;NA;1000;1000;NA;NA;NA;NA;NA;NA;NA;NA;NA;NA;NA
Romania;2013;4695660;3086276;595;1606356;384;2042;3028;NA;NA;NA;NA;NA;NA;NA;NA;NA;NA;NA
Romania;2014;4907564;3161031;1557;1741719;512;2737;4814;NA;NA;NA;NA;NA;NA;NA;NA;NA;NA;NA
Romania;2015;5155059;3241746;2494;1906195;753;3863;7118;NA;NA;NA;NA;NA;NA;NA;NA;NA;NA;8
Romania;2016;5472423;3340914;3857;2120151;1144;6348;11358;NA;NA;NA;NA;NA;NA;NA;NA;NA;NA;9
Romania;2017;5998194;3465038;5272;2516380;1556;9947;16776;NA;NA;NA;NA;NA;NA;NA;NA;NA;NA;1
Romania;2018;6452536;3548968;16;2892922;167;1103;10646;3535317;13651;NA;2891140;1782;NA;NA;NA;NA;9354;6
Slovenia;2012;1066030;655120;NA;410020;NA;NA;890;NA;NA;NA;NA;NA;NA;NA;NA;NA;NA;NA
Slovenia;2013;1066795;633646;NA;429303;NA;NA;846;633646;NA;NA;429303;NA;NA;NA;NA;NA;NA;NA
Slovenia;2014;1068362;609213;7313;450422;99;133;8727;609213;NA;NA;450422;NA;NA;NA;NA;NA;NA;1182
Slovenia;2015;1078737;594627;8582;473665;142;288;10445;594627;NA;NA;473665;NA;NA;NA;NA;NA;NA;1433
Slovenia;2016;1096523;583837;9422;500659;156;457;12027;583837;NA;NA;500659;NA;NA;NA;NA;NA;NA;1992
Slovenia;2017;1117935;575060;9952;528809;217;779;14066;575060;NA;NA;528809;NA;NA;NA;NA;NA;NA;3118
Slovenia;2018;1143150;571225;10200;555500;236;1308;16425;571225;NA;NA;555500;NA;NA;NA;NA;NA;NA;4681
Slovakia;2012;1824200;NA;NA;NA;NA;NA;NA;NA;NA;NA;NA;NA;NA;NA;NA;NA;NA;NA
Slovakia;2013;1879800;NA;NA;NA;NA;NA;NA;NA;NA;NA;NA;NA;NA;NA;NA;NA;NA;NA
Slovakia;2014;1949100;NA;NA;NA;NA;NA;NA;NA;NA;NA;NA;NA;NA;NA;NA;NA;NA;NA
Slovakia;2015;2034574;NA;NA;NA;NA;NA;NA;NA;NA;NA;NA;NA;NA;NA;NA;NA;NA;NA
Slovakia;2016;2121774;NA;NA;NA;NA;NA;NA;NA;NA;NA;NA;NA;NA;NA;NA;NA;NA;NA
Slovakia;2017;2223117;NA;NA;NA;NA;NA;NA;NA;NA;NA;NA;NA;NA;NA;NA;NA;NA;NA
Slovakia;2018;2321608;NA;NA;NA;NA;NA;NA;NA;NA;NA;NA;NA;NA;NA;NA;NA;NA;NA
Finland;2012;3037000;2369000;0;664000;0;0;4000;NA;NA;NA;NA;NA;NA;NA;NA;NA;NA;4000
Finland;2013;3105834;2396000;0;705045;0;NA;5000;2396000;0;NA;705000;0;NA;NA;NA;NA;NA;5000
Finland;2014;3172735;2421176;1;746323;227;386;5236;2420673;NA;503;746204;NA;119;0;3360;0;1094;168
Finland;2015;3234860;2445118;1;783760;263;657;5982;2433842;10317;959;783305;320;135;0;3544;1;1344;173
Finland;2016;3322672;2487771;2;828194;322;889;6707;2470187;15354;2230;827545;405;244;1;3694;NA;1632;167
Finland;2017;3398937;2522890;2;867128;518;1538;8919;2493115;24472;5303;866085;528;515;1;3870;NA;2814;176
Finland;2018;3470507;2556426;2;901393;858;2500;12688;2506870;37334;12222;899468;867;1058;1;4156;NA;5002;169
Sweden;2012;4446349;3260349;23;924246;5750;603;261754;NA;NA;NA;NA;NA;NA;NA;NA;NA;NA;255378
Sweden;2013;4494661;3158462;22;1068962;6859;1010;267237;3129764;27571;1127;1067664;789;509;3;40;2;30450;228851
Sweden;2014;4584711;3086543;30;1226068;8148;2172;272100;3048863;33904;3776;1223891;1033;1144;3;41;2;31929;229775
Sweden;2015;4668262;3008460;27;1383982;8551;4765;275820;2958545;41640;8275;1381379;1104;1499;4;38;2;34101;228332
Sweden;2016;4767262;2958165;21;1532855;8403;7532;276242;2887727;54085;16353;1529329;1050;2476;23;45;2;35273;224943
Sweden;2017;4844823;2921057;17;1648565;8041;11034;275200;2821635;70408;29014;1644384;953;3228;34;59;2;35648;220365
Sweden;2018;4869979;2889461;14;1708781;7531;16664;271735;2754808;89219;45434;1703971;867;3943;41;67;1;34913;212504
United Kingdom;2012;28722000;19159000;20000;9385000;1000;4000;179000;NA;NA;NA;NA;NA;NA;NA;NA;NA;NA;154000
United Kingdom;2013;NA;NA;NA;NA;NA;NA;NA;NA;NA;NA;NA;NA;NA;NA;NA;NA;NA;NA
United Kingdom;2014;NA;NA;NA;NA;NA;NA;NA;NA;NA;NA;NA;NA;NA;NA;NA;NA;NA;NA
United Kingdom;2015;30250294;18747234;NA;1438382;511;24683;64678;18511680;235554;NA;11428851;9531;NA;NA;NA;NA;39160;404
United Kingdom;2016;30850440;18718202;NA;12062977;451;33434;69261;18410464;307738;NA;12052142;10835;NA;7;NA;NA;34986;383
United Kingdom;2017;31200182;18755110;NA;12371742;402;41218;72952;18348092;322237;84781;12360237;10464;1419;68;NA;NA;30894;370
United Kingdom;2018;31517597;19024664;NA;12409324;380;55335;83609;18499594;401611;123459;12397636;10075;1613;104;NA;NA;27447;343
Liechtenstein;2012;28000;20350;0;7370;30;10;290;NA;NA;NA;NA;NA;NA;NA;NA;NA;NA;250
Liechtenstein;2013;28100;20060;0;7940;30;20;100;19810;250;NA;7940;10;NA;NA;0;NA;60;0
Liechtenstein;2014;28470;19920;0;8430;30;40;130;19640;280;NA;8420;60;NA;NA;0;NA;60;0
Liechtenstein;2015;28802;19759;0;8896;26;62;147;19427;332;NA;8885;11;NA;NA;0;NA;59;0
Liechtenstein;2016;29241;19603;0;9430;30;117;208;19238;365;NA;9415;15;NA;NA;0;NA;61;0
Liechtenstein;2017;29675;19596;0;9822;30;164;257;19150;446;NA;9802;20;NA;0;0;0;63;0
Liechtenstein;2018;29949;19687;0;9927;32;237;335;19159;528;NA;9906;21;NA;0;0;0;66;0
Norway;2012;2443000;1408000;0;1026000;0;8000;8000;NA;NA;NA;NA;NA;NA;NA;NA;NA;NA;0
Norway;2013;2500265;1369000;NA;1111000;NA;18000;20000;NA;NA;NA;NA;NA;NA;NA;NA;NA;NA;2000
Norway;2014;2555443;1329000;NA;1187000;NA;39000;40000;NA;NA;NA;NA;NA;NA;NA;NA;NA;NA;1000
Norway;2015;2610000;1296000;NA;1244000;NA;69000;70000;NA;NA;NA;NA;NA;NA;NA;NA;NA;NA;1000
Norway;2016;2662910;1283051;NA;1281166;116;97532;98693;1196178;54545;32328;1277942;1038;2186;41;NA;NA;NA;1004
Norway;2017;2719396;1277806;NA;1301337;169;138983;140253;1140098;75125;62583;1295517;1086;4734;98;NA;NA;NA;1003
Norway;2018;2751949;1256131;0;1299096;223;195348;196722;1075267;91193;89671;1291445;1172;6479;143;0;0;0;1008
Switzerland;2012;4255000;3279000;1000;934000;3000;2000;42000;NA;NA;NA;NA;NA;NA;NA;NA;NA;NA;36000
Switzerland;2013;4321000;3235000;400;1038000;3600;3000;16000;3235000;17100;NA;1036000;1700;0;0;0;0;4500;3000
Switzerland;2014;4384000;3241000;200;1126000;4000;4000;18000;3202000;38800;NA;1124000;2300;NA;0;0;0;5000;4000
Switzerland;2015;4458000;3219000;100;1217000;4000;8000;22000;3174000;45000;NA;1214000;3000;NA;0;0;0;5500;500
Switzerland;2016;4524000;3207400;100;1295500;4100;10700;25200;3149900;53400;NA;1291500;4000;NA;0;0;0;6100;4300
Switzerland;2017;4570800;3190500;100;1351200;4100;14500;29200;3127000;63400;NA;1346900;4200;NA;100;0;0;6500;3900
Switzerland;2018;4602700;3189800;100;1378900;3900;19200;34000;3114700;75100;NA;1374200;4700;NA;100;0;0;7000;3700
Macedonia;2012;302000;199000;9960;93000;NA;40;10000;NA;NA;NA;NA;NA;NA;NA;NA;NA;NA;NA
Macedonia;2013;346798;213784;10798;121895;NA;34;11119;213784;NA;NA;121895;NA;NA;NA;NA;NA;NA;287
Macedonia;2014;371449;215175;10976;145065;NA;32;11209;NA;NA;NA;145065;NA;NA;NA;NA;NA;NA;201
Macedonia;2015;383833;209122;10896;163038;NA;33;11673;209122;NA;NA;163038;NA;NA;NA;NA;NA;NA;744
Macedonia;2016;394934;202779;11600;180394;NA;35;11761;202779;NA;NA;180394;NA;NA;NA;NA;NA;NA;126
Macedonia;2017;403316;197880;11445;192816;NA;37;13070;197880;NA;NA;NA;NA;NA;NA;NA;NA;NA;1588
Macedonia;2018;415062;194384;11706;208805;NA;44;11862;194384;NA;NA;NA;NA;NA;NA;NA;NA;NA;0
Turkey;2012;8648880;2681050;3569100;2101210;50;230;3618450;NA;NA;NA;NA;NA;NA;NA;NA;NA;NA;49080
Turkey;2013;9283923;2888693;3852256;2497209;80;353;3898021;2888610;83;NA;2497209;NA;NA;NA;NA;NA;NA;45332
Turkey;2014;9857915;2855190;4076629;2882886;101;412;4119839;2855078;112;NA;2882885;1;NA;NA;NA;NA;NA;42697
Turkey;2015;10589337;2927971;4271960;3346024;84;565;4315342;2927720;251;NA;3345951;73;NA;NA;NA;NA;NA;42733
Turkey;2016;11317998;3032139;4439568;3803894;63;643;4481965;3031744;395;NA;3803772;122;NA;NA;NA;NA;NA;41691
Turkey;2017;12035978;3121201;4616781;4256436;61;760;4658341;3120407;794;0;4256305;131;0;0;0;0;0;40739
Turkey;2018;12398190;3093806;4695664;4568900;53;952;4735484;3089626;4180;0;4568665;235;0;0;0;0;0;38815
Kosovo;2012;NA;NA;NA;NA;NA;NA;NA;NA;NA;NA;NA;NA;NA;NA;NA;NA;NA;NA
Kosovo;2013;NA;NA;NA;NA;NA;NA;NA;NA;NA;NA;NA;NA;NA;NA;NA;NA;NA;NA
Kosovo;2014;NA;NA;NA;NA;NA;NA;NA;NA;NA;NA;NA;NA;NA;NA;NA;NA;NA;NA
Kosovo;2015;NA;NA;NA;NA;NA;NA;NA;NA;NA;NA;NA;NA;NA;NA;NA;NA;NA;NA
Kosovo;2016;NA;NA;NA;NA;NA;NA;NA;NA;NA;NA;NA;NA;NA;NA;NA;NA;NA;NA
Kosovo;2017;168759;47989;6;120753;1;4;17;47989;NA;NA;120744;NA;NA;0;3;0;0;3
Kosovo;2018;256880;62225;9;194518;1;15;39;60466;1759;0;194424;64;0;0;9;0;0;5
